ADMIN,Administration Building,350 School Drive,847-5600,1,26,bryantschools.org,admin.JPG,Bryant,Arkansas
BES,Bryant Elementary School,412 Woodland Drive,847-5642,3,,bryantschools.org,admin.JPG,Bryant,Arkansas
CES,Collegeville Elementary School,4818 Highway 5 north,847-5670,3,,bryantschools.org,admin.JPG,Bryant,Arkansas
DES,Davis Elementary School,12001 Country Line Road,455-5672,3,,bryantschools.org,admin.JPG,Bryant,Arkansas
HFES,Hill Farm Elementary School,500 Hill Farm Road,653-5950,3,,bryantschools.org,admin.JPG,Bryant,Arkansas
HCES,Hurricane Creek Elementary School,6091 Alcoa Road,653-1012,3,,bryantschools.org,admin.JPG,Bryant,Arkansas
PES,Paron Elementary School,22265 Highway 9,594-5622,3,,bryantschools.org,admin.JPG,Bryant,Arkansas
SES,Salem Elementary School,2701 Salem Road,316-0263,3,,bryantschools.org,admin.JPG,Bryant,Arkansas
SPES,Springhill Elementary School,2716 Northlake Road,847-5675,3,,bryantschools.org,admin.JPG,Bryant,Arkansas
BMS,Bryant Middle School,310 School Drive,847-5651,4,,bryantschools.org,admin.JPG,Bryant,Arkansas
BEMS,Bethel Middle School,5415 Northlake Road,316-0937,4,,bryantschools.org,admin.JPG,Bryant,Arkansas
BHS,Bryant High School,801 North Reynolds Road,847-5605,5,,bryantschools.org,admin.JPG,Bryant,Arkansas
DIST,District,,,1,,bryantschools.org,admin.JPG,Bryant,Arkansas
SCR,Second Chance Ranch,,,1,,bryantschools.org,admin.JPG,Bryant,Arkansas
